{"cameraMode":{"drawMode":0,"name":"Shaded","section":"Shading Mode"},"sceneLighting":false,"audioPlay":false,"sceneViewState":{"showFog":false,"showMaterialUpdate":true,"showSkybox":true,"showFlares":false,"showImageEffects":false,"showParticleSystems":true},"in2DMode":false,"pivot":{"x":6.930028915405273,"y":0.6067600250244141,"z":-6.325629234313965},"rotation":{"x":0.14476726949214936,"y":-0.31463679671287539,"z":0.04861431196331978,"w":0.9368655681610107},"size":19.859317779541017,"orthographic":false}